segment;pays;produit;remise;nombre_vendu;cout_fabrication;prix_vente;ventes_brutes;ventes;cout_ventes;profit;date;nb_mois;mois;annee
Government;Canada; Carretera ;None;16185;3;2000;3237000;3237000;1618500;1618500;01/01/2014;1; January ;2014
Government;Germany; Carretera ;None;1321;3;2000;2642000;2642000;1321000;1321000;01/01/2014;1; January ;2014
Midmarket;France; Carretera ;None;2178;3;1500;3267000;3267000;2178000;1089000;01/06/2014;6; June ;2014
Midmarket;Germany; Carretera ;None;888;3;1500;1332000;1332000;888000;444000;01/06/2014;6; June ;2014
Midmarket;Mexico; Carretera ;None;2470;3;1500;3705000;3705000;2470000;1235000;01/06/2014;6; June ;2014
Government;Germany; Carretera ;None;1513;3;35000;52955000;52955000;39338000;13617000;01/12/2014;12; December ;2014
Midmarket;Germany; Montana ;None;921;5;1500;1381500;1381500;921000;460500;01/03/2014;3; March ;2014
Channel Partners;Canada; Montana ;None;2518;5;1200;3021600;3021600;755400;2266200;01/06/2014;6; June ;2014
Government;France; Montana ;None;1899;5;2000;3798000;3798000;1899000;1899000;01/06/2014;6; June ;2014
Channel Partners;Germany; Montana ;None;1545;5;1200;1854000;1854000;463500;1390500;01/06/2014;6; June ;2014
Midmarket;Mexico; Montana ;None;2470;5;1500;3705000;3705000;2470000;1235000;01/06/2014;6; June ;2014
Enterprise;Canada; Montana ;None;26655;5;12500;33318750;33318750;31986000;1332750;01/07/2014;7; July ;2014
Small Business;Mexico; Montana ;None;958;5;30000;28740000;28740000;23950000;4790000;01/08/2014;8; August ;2014
Government;Germany; Montana ;None;2146;5;700;1502200;1502200;1073000;429200;01/09/2014;9; September ;2014
Enterprise;Canada; Montana ;None;345;5;12500;4312500;4312500;4140000;172500;01/10/2013;10; October ;2013
Midmarket;United States of America; Montana ;None;615;5;1500;922500;922500;615000;307500;01/12/2014;12; December ;2014
Government;Canada; Paseo ;None;292;10;2000;584000;584000;292000;292000;01/02/2014;2; February ;2014
Midmarket;Mexico; Paseo ;None;974;10;1500;1461000;1461000;974000;487000;01/02/2014;2; February ;2014
Channel Partners;Canada; Paseo ;None;2518;10;1200;3021600;3021600;755400;2266200;01/06/2014;6; June ;2014
Government;Germany; Paseo ;None;1006;10;35000;35210000;35210000;26156000;9054000;01/06/2014;6; June ;2014
Channel Partners;Germany; Paseo ;None;367;10;1200;440400;440400;110100;330300;01/07/2014;7; July ;2014
Government;Mexico; Paseo ;None;883;10;700;618100;618100;441500;176600;01/08/2014;8; August ;2014
Midmarket;France; Paseo ;None;549;10;1500;823500;823500;549000;274500;01/09/2013;9; September ;2013
Small Business;Mexico; Paseo ;None;788;10;30000;23640000;23640000;19700000;3940000;01/09/2013;9; September ;2013
Midmarket;Mexico; Paseo ;None;2472;10;1500;3708000;3708000;2472000;1236000;01/09/2014;9; September ;2014
Government;United States of America; Paseo ;None;1143;10;700;800100;800100;571500;228600;01/10/2014;10; October ;2014
Government;Canada; Paseo ;None;1725;10;35000;60375000;60375000;44850000;15525000;01/11/2013;11; November ;2013
Channel Partners;United States of America; Paseo ;None;912;10;1200;1094400;1094400;273600;820800;01/11/2013;11; November ;2013
Midmarket;Canada; Paseo ;None;2152;10;1500;3228000;3228000;2152000;1076000;01/12/2013;12; December ;2013
Government;Canada; Paseo ;None;1817;10;2000;3634000;3634000;1817000;1817000;01/12/2014;12; December ;2014
Government;Germany; Paseo ;None;1513;10;35000;52955000;52955000;39338000;13617000;01/12/2014;12; December ;2014
Government;Mexico; Velo ;None;1493;120;700;1045100;1045100;746500;298600;01/01/2014;1; January ;2014
Enterprise;France; Velo ;None;1804;120;12500;22550000;22550000;21648000;902000;01/02/2014;2; February ;2014
Channel Partners;Germany; Velo ;None;2161;120;1200;2593200;2593200;648300;1944900;01/03/2014;3; March ;2014
Government;Germany; Velo ;None;1006;120;35000;35210000;35210000;26156000;9054000;01/06/2014;6; June ;2014
Channel Partners;Germany; Velo ;None;1545;120;1200;1854000;1854000;463500;1390500;01/06/2014;6; June ;2014
Enterprise;United States of America; Velo ;None;2821;120;12500;35262500;35262500;33852000;1410500;01/08/2014;8; August ;2014
Enterprise;Canada; Velo ;None;345;120;12500;4312500;4312500;4140000;172500;01/10/2013;10; October ;2013
Small Business;Canada; VTT ;None;2001;250;30000;60030000;60030000;50025000;10005000;01/02/2014;2; February ;2014
Channel Partners;Germany; VTT ;None;2838;250;1200;3405600;3405600;851400;2554200;01/04/2014;4; April ;2014
Midmarket;France; VTT ;None;2178;250;1500;3267000;3267000;2178000;1089000;01/06/2014;6; June ;2014
Midmarket;Germany; VTT ;None;888;250;1500;1332000;1332000;888000;444000;01/06/2014;6; June ;2014
Government;France; VTT ;None;1527;250;35000;53445000;53445000;39702000;13743000;01/09/2013;9; September ;2013
Small Business;France; VTT ;None;2151;250;30000;64530000;64530000;53775000;10755000;01/09/2014;9; September ;2014
Government;Canada; VTT ;None;1817;250;2000;3634000;3634000;1817000;1817000;01/12/2014;12; December ;2014
Government;France; Amarilla ;None;2750;260;35000;96250000;96250000;71500000;24750000;01/02/2014;2; February ;2014
Channel Partners;United States of America; Amarilla ;None;1953;260;1200;2343600;2343600;585900;1757700;01/04/2014;4; April ;2014
Enterprise;Germany; Amarilla ;None;42195;260;12500;52743750;52743750;50634000;2109750;01/04/2014;4; April ;2014
Government;France; Amarilla ;None;1899;260;2000;3798000;3798000;1899000;1899000;01/06/2014;6; June ;2014
Government;Germany; Amarilla ;None;1686;260;700;1180200;1180200;843000;337200;01/07/2014;7; July ;2014
Channel Partners;United States of America; Amarilla ;None;2141;260;1200;2569200;2569200;642300;1926900;01/08/2014;8; August ;2014
Government;United States of America; Amarilla ;None;1143;260;700;800100;800100;571500;228600;01/10/2014;10; October ;2014
Midmarket;United States of America; Amarilla ;None;615;260;1500;922500;922500;615000;307500;01/12/2014;12; December ;2014
Government;France; Paseo ;Low;3945;10;700;2761500;2733885;1972500;761385;01/01/2014;1; January ;2014
Midmarket;France; Paseo ;Low;2296;10;1500;3444000;3409560;2296000;1113560;01/02/2014;2; February ;2014
Government;France; Paseo ;Low;1030;10;700;721000;713790;515000;198790;01/05/2014;5; May ;2014
Government;France; Velo ;Low;639;120;700;447300;442827;319500;123327;01/11/2014;11; November ;2014
Government;Canada; VTT ;Low;1326;250;700;928200;918918;663000;255918;01/03/2014;3; March ;2014
Channel Partners;United States of America; Carretera ;Low;1858;3;1200;2229600;2207304;557400;1649904;01/02/2014;2; February ;2014
Government;Mexico; Carretera ;Low;1210;3;35000;42350000;41926500;31460000;10466500;01/03/2014;3; March ;2014
Government;United States of America; Carretera ;Low;2529;3;700;1770300;1752597;1264500;488097;01/07/2014;7; July ;2014
Channel Partners;Canada; Carretera ;Low;1445;3;1200;1734000;1716660;433500;1283160;01/09/2014;9; September ;2014
Enterprise;United States of America; Carretera ;Low;330;3;12500;4125000;4083750;3960000;123750;01/09/2013;9; September ;2013
Channel Partners;France; Carretera ;Low;2671;3;1200;3205200;3173148;801300;2371848;01/09/2014;9; September ;2014
Channel Partners;Germany; Carretera ;Low;766;3;1200;919200;910008;229800;680208;01/10/2013;10; October ;2013
Small Business;Mexico; Carretera ;Low;494;3;30000;14820000;14671800;12350000;2321800;01/10/2013;10; October ;2013
Government;Mexico; Carretera ;Low;1397;3;35000;48895000;48406050;36322000;12084050;01/10/2014;10; October ;2014
Government;France; Carretera ;Low;2155;3;35000;75425000;74670750;56030000;18640750;01/12/2014;12; December ;2014
Midmarket;Mexico; Montana ;Low;2214;5;1500;3321000;3287790;2214000;1073790;01/03/2014;3; March ;2014
Small Business;United States of America; Montana ;Low;2301;5;30000;69030000;68339700;57525000;10814700;01/04/2014;4; April ;2014
Government;France; Montana ;Low;13755;5;2000;2751000;2723490;1375500;1347990;01/07/2014;7; July ;2014
Government;Canada; Montana ;Low;1830;5;700;1281000;1268190;915000;353190;01/08/2014;8; August ;2014
Small Business;United States of America; Montana ;Low;2498;5;30000;74940000;74190600;62450000;11740600;01/09/2013;9; September ;2013
Enterprise;United States of America; Montana ;Low;663;5;12500;8287500;8204625;7956000;248625;01/10/2013;10; October ;2013
Midmarket;United States of America; Paseo ;Low;1514;10;1500;2271000;2248290;1514000;734290;01/02/2014;2; February ;2014
Government;United States of America; Paseo ;Low;44925;10;700;3144750;3113303;2246250;867053;01/04/2014;4; April ;2014
Enterprise;United States of America; Paseo ;Low;727;10;12500;9087500;8996625;8724000;272625;01/06/2014;6; June ;2014
Enterprise;France; Paseo ;Low;787;10;12500;9837500;9739125;9444000;295125;01/06/2014;6; June ;2014
Enterprise;Mexico; Paseo ;Low;1823;10;12500;22787500;22559625;21876000;683625;01/07/2014;7; July ;2014
Midmarket;Germany; Paseo ;Low;747;10;1500;1120500;1109295;747000;362295;01/09/2014;9; September ;2014
Channel Partners;Germany; Paseo ;Low;766;10;1200;919200;910008;229800;680208;01/10/2013;10; October ;2013
Small Business;United States of America; Paseo ;Low;2905;10;30000;87150000;86278500;72625000;13653500;01/11/2014;11; November ;2014
Government;France; Paseo ;Low;2155;10;35000;75425000;74670750;56030000;18640750;01/12/2014;12; December ;2014
Government;France; Velo ;Low;3864;120;2000;7728000;7650720;3864000;3786720;01/04/2014;4; April ;2014
Government;Mexico; Velo ;Low;362;120;700;253400;250866;181000;69866;01/05/2014;5; May ;2014
Enterprise;Canada; Velo ;Low;923;120;12500;11537500;11422125;11076000;346125;01/08/2014;8; August ;2014
Enterprise;United States of America; Velo ;Low;663;120;12500;8287500;8204625;7956000;248625;01/10/2013;10; October ;2013
Government;Canada; Velo ;Low;2092;120;700;1464400;1449756;1046000;403756;01/11/2013;11; November ;2013
Government;Germany; VTT ;Low;263;250;700;184100;182259;131500;50759;01/03/2014;3; March ;2014
Government;Canada; VTT ;Low;9435;250;35000;33022500;32692275;24531000;8161275;01/04/2014;4; April ;2014
Enterprise;United States of America; VTT ;Low;727;250;12500;9087500;8996625;8724000;272625;01/06/2014;6; June ;2014
Enterprise;France; VTT ;Low;787;250;12500;9837500;9739125;9444000;295125;01/06/2014;6; June ;2014
Small Business;Germany; VTT ;Low;986;250;30000;29580000;29284200;24650000;4634200;01/09/2014;9; September ;2014
Small Business;Mexico; VTT ;Low;494;250;30000;14820000;14671800;12350000;2321800;01/10/2013;10; October ;2013
Government;Mexico; VTT ;Low;1397;250;35000;48895000;48406050;36322000;12084050;01/10/2014;10; October ;2014
Enterprise;France; VTT ;Low;1744;250;12500;21800000;21582000;20928000;654000;01/11/2014;11; November ;2014
Channel Partners;United States of America; Amarilla ;Low;1989;260;1200;2386800;2362932;596700;1766232;01/09/2013;9; September ;2013
Midmarket;France; Amarilla ;Low;321;260;1500;481500;476685;321000;155685;01/11/2013;11; November ;2013
Enterprise;Canada; Carretera ;Low;7425;3;12500;9281250;9095625;8910000;185625;01/04/2014;4; April ;2014
Channel Partners;Canada; Carretera ;Low;1295;3;1200;1554000;1522920;388500;1134420;01/10/2014;10; October ;2014
Small Business;Germany; Carretera ;Low;214;3;30000;6420000;6291600;5350000;941600;01/10/2013;10; October ;2013
Government;France; Carretera ;Low;2145;3;700;1501500;1471470;1072500;398970;01/11/2013;11; November ;2013
Government;Canada; Carretera ;Low;2852;3;35000;99820000;97823600;74152000;23671600;01/12/2014;12; December ;2014
Channel Partners;United States of America; Montana ;Low;1142;5;1200;1370400;1342992;342600;1000392;01/06/2014;6; June ;2014
Government;United States of America; Montana ;Low;1566;5;2000;3132000;3069360;1566000;1503360;01/10/2014;10; October ;2014
Channel Partners;Mexico; Montana ;Low;690;5;1200;828000;811440;207000;604440;01/11/2014;11; November ;2014
Enterprise;Mexico; Montana ;Low;1660;5;12500;20750000;20335000;19920000;415000;01/11/2013;11; November ;2013
Midmarket;Canada; Paseo ;Low;2363;10;1500;3544500;3473610;2363000;1110610;01/02/2014;2; February ;2014
Small Business;France; Paseo ;Low;918;10;30000;27540000;26989200;22950000;4039200;01/05/2014;5; May ;2014
Small Business;Germany; Paseo ;Low;1728;10;30000;51840000;50803200;43200000;7603200;01/05/2014;5; May ;2014
Channel Partners;United States of America; Paseo ;Low;1142;10;1200;1370400;1342992;342600;1000392;01/06/2014;6; June ;2014
Enterprise;Mexico; Paseo ;Low;662;10;12500;8275000;8109500;7944000;165500;01/06/2014;6; June ;2014
Channel Partners;Canada; Paseo ;Low;1295;10;1200;1554000;1522920;388500;1134420;01/10/2014;10; October ;2014
Enterprise;Germany; Paseo ;Low;809;10;12500;10112500;9910250;9708000;202250;01/10/2013;10; October ;2013
Enterprise;Mexico; Paseo ;Low;2145;10;12500;26812500;26276250;25740000;536250;01/10/2013;10; October ;2013
Channel Partners;France; Paseo ;Low;1785;10;1200;2142000;2099160;535500;1563660;01/11/2013;11; November ;2013
Small Business;Canada; Paseo ;Low;1916;10;30000;57480000;56330400;47900000;8430400;01/12/2014;12; December ;2014
Government;Canada; Paseo ;Low;2852;10;35000;99820000;97823600;74152000;23671600;01/12/2014;12; December ;2014
Enterprise;Canada; Paseo ;Low;2729;10;12500;34112500;33430250;32748000;682250;01/12/2014;12; December ;2014
Midmarket;United States of America; Paseo ;Low;1925;10;1500;2887500;2829750;1925000;904750;01/12/2013;12; December ;2013
Government;United States of America; Paseo ;Low;2013;10;700;1409100;1380918;1006500;374418;01/12/2013;12; December ;2013
Channel Partners;France; Paseo ;Low;1055;10;1200;1266000;1240680;316500;924180;01/12/2014;12; December ;2014
Channel Partners;Mexico; Paseo ;Low;1084;10;1200;1300800;1274784;325200;949584;01/12/2014;12; December ;2014
Government;United States of America; Velo ;Low;1566;120;2000;3132000;3069360;1566000;1503360;01/10/2014;10; October ;2014
Government;Germany; Velo ;Low;2966;120;35000;103810000;101733800;77116000;24617800;01/10/2013;10; October ;2013
Government;Germany; Velo ;Low;2877;120;35000;100695000;98681100;74802000;23879100;01/10/2014;10; October ;2014
Enterprise;Germany; Velo ;Low;809;120;12500;10112500;9910250;9708000;202250;01/10/2013;10; October ;2013
Enterprise;Mexico; Velo ;Low;2145;120;12500;26812500;26276250;25740000;536250;01/10/2013;10; October ;2013
Channel Partners;France; Velo ;Low;1055;120;1200;1266000;1240680;316500;924180;01/12/2014;12; December ;2014
Government;Mexico; Velo ;Low;544;120;2000;1088000;1066240;544000;522240;01/12/2013;12; December ;2013
Channel Partners;Mexico; Velo ;Low;1084;120;1200;1300800;1274784;325200;949584;01/12/2014;12; December ;2014
Enterprise;Mexico; VTT ;Low;662;250;12500;8275000;8109500;7944000;165500;01/06/2014;6; June ;2014
Small Business;Germany; VTT ;Low;214;250;30000;6420000;6291600;5350000;941600;01/10/2013;10; October ;2013
Government;Germany; VTT ;Low;2877;250;35000;100695000;98681100;74802000;23879100;01/10/2014;10; October ;2014
Enterprise;Canada; VTT ;Low;2729;250;12500;34112500;33430250;32748000;682250;01/12/2014;12; December ;2014
Government;United States of America; VTT ;Low;266;250;35000;9310000;9123800;6916000;2207800;01/12/2013;12; December ;2013
Government;Mexico; VTT ;Low;1940;250;35000;67900000;66542000;50440000;16102000;01/12/2013;12; December ;2013
Small Business;Germany; Amarilla ;Low;259;260;30000;7770000;7614600;6475000;1139600;01/03/2014;3; March ;2014
Small Business;Mexico; Amarilla ;Low;1101;260;30000;33030000;32369400;27525000;4844400;01/03/2014;3; March ;2014
Enterprise;Germany; Amarilla ;Low;2276;260;12500;28450000;27881000;27312000;569000;01/05/2014;5; May ;2014
Government;Germany; Amarilla ;Low;2966;260;35000;103810000;101733800;77116000;24617800;01/10/2013;10; October ;2013
Government;United States of America; Amarilla ;Low;1236;260;2000;2472000;2422560;1236000;1186560;01/11/2014;11; November ;2014
Government;France; Amarilla ;Low;941;260;2000;1882000;1844360;941000;903360;01/11/2014;11; November ;2014
Small Business;Canada; Amarilla ;Low;1916;260;30000;57480000;56330400;47900000;8430400;01/12/2014;12; December ;2014
Enterprise;France; Carretera ;Low;42435;3;12500;53043750;51452438;50922000;530438;01/04/2014;4; April ;2014
Government;Germany; Carretera ;Low;2580;3;2000;5160000;5005200;2580000;2425200;01/04/2014;4; April ;2014
Small Business;Germany; Carretera ;Low;689;3;30000;20670000;20049900;17225000;2824900;01/06/2014;6; June ;2014
Channel Partners;United States of America; Carretera ;Low;1947;3;1200;2336400;2266308;584100;1682208;01/09/2014;9; September ;2014
Channel Partners;Canada; Carretera ;Low;908;3;1200;1089600;1056912;272400;784512;01/12/2013;12; December ;2013
Government;Germany; Montana ;Low;1958;5;700;1370600;1329482;979000;350482;01/02/2014;2; February ;2014
Channel Partners;France; Montana ;Low;1901;5;1200;2281200;2212764;570300;1642464;01/06/2014;6; June ;2014
Government;France; Montana ;Low;544;5;700;380800;369376;272000;97376;01/09/2014;9; September ;2014
Government;Germany; Montana ;Low;1797;5;35000;62895000;61008150;46722000;14286150;01/09/2013;9; September ;2013
Enterprise;France; Montana ;Low;1287;5;12500;16087500;15604875;15444000;160875;01/12/2014;12; December ;2014
Enterprise;Germany; Montana ;Low;1706;5;12500;21325000;20685250;20472000;213250;01/12/2014;12; December ;2014
Small Business;France; Paseo ;Low;24345;10;30000;73035000;70843950;60862500;9981450;01/01/2014;1; January ;2014
Enterprise;Canada; Paseo ;Low;1774;10;12500;22175000;21509750;21288000;221750;01/03/2014;3; March ;2014
Channel Partners;France; Paseo ;Low;1901;10;1200;2281200;2212764;570300;1642464;01/06/2014;6; June ;2014
Small Business;Germany; Paseo ;Low;689;10;30000;20670000;20049900;17225000;2824900;01/06/2014;6; June ;2014
Enterprise;Germany; Paseo ;Low;1570;10;12500;19625000;19036250;18840000;196250;01/06/2014;6; June ;2014
Channel Partners;United States of America; Paseo ;Low;13695;10;1200;1643400;1594098;410850;1183248;01/07/2014;7; July ;2014
Enterprise;Canada; Paseo ;Low;2009;10;12500;25112500;24359125;24108000;251125;01/10/2014;10; October ;2014
Midmarket;Germany; Paseo ;Low;1945;10;1500;2917500;2829975;1945000;884975;01/10/2013;10; October ;2013
Enterprise;France; Paseo ;Low;1287;10;12500;16087500;15604875;15444000;160875;01/12/2014;12; December ;2014
Enterprise;Germany; Paseo ;Low;1706;10;12500;21325000;20685250;20472000;213250;01/12/2014;12; December ;2014
Enterprise;Canada; Velo ;Low;2009;120;12500;25112500;24359125;24108000;251125;01/10/2014;10; October ;2014
Small Business;United States of America; VTT ;Low;2844;250;30000;85320000;82760400;71100000;11660400;01/02/2014;2; February ;2014
Channel Partners;Mexico; VTT ;Low;1916;250;1200;2299200;2230224;574800;1655424;01/04/2014;4; April ;2014
Enterprise;Germany; VTT ;Low;1570;250;12500;19625000;19036250;18840000;196250;01/06/2014;6; June ;2014
Small Business;Canada; VTT ;Low;1874;250;30000;56220000;54533400;46850000;7683400;01/08/2014;8; August ;2014
Government;Mexico; VTT ;Low;1642;250;35000;57470000;55745900;42692000;13053900;01/08/2014;8; August ;2014
Midmarket;Germany; VTT ;Low;1945;250;1500;2917500;2829975;1945000;884975;01/10/2013;10; October ;2013
Government;Canada; Carretera ;Low;831;3;2000;1662000;1612140;831000;781140;01/05/2014;5; May ;2014
Government;Mexico; Paseo ;Low;1760;10;700;1232000;1195040;880000;315040;01/09/2013;9; September ;2013
Government;Canada; Velo ;Low;38505;120;2000;7701000;7469970;3850500;3619470;01/04/2014;4; April ;2014
Channel Partners;Germany; VTT ;Low;2479;250;1200;2974800;2885556;743700;2141856;01/01/2014;1; January ;2014
Midmarket;Mexico; Montana ;Low;2031;5;1500;3046500;2924640;2031000;893640;01/10/2014;10; October ;2014
Midmarket;Mexico; Paseo ;Low;2031;10;1500;3046500;2924640;2031000;893640;01/10/2014;10; October ;2014
Midmarket;France; Paseo ;Low;2261;10;1500;3391500;3255840;2261000;994840;01/12/2013;12; December ;2013
Government;United States of America; Velo ;Low;736;120;2000;1472000;1413120;736000;677120;01/09/2013;9; September ;2013
Government;Canada; Carretera ;Low;2851;3;700;1995700;1915872;1425500;490372;01/10/2013;10; October ;2013
Small Business;Germany; Carretera ;Low;2021;3;30000;60630000;58204800;50525000;7679800;01/10/2014;10; October ;2014
Government;United States of America; Carretera ;Low;274;3;35000;9590000;9206400;7124000;2082400;01/12/2014;12; December ;2014
Midmarket;Canada; Montana ;Low;1967;5;1500;2950500;2832480;1967000;865480;01/03/2014;3; March ;2014
Small Business;Germany; Montana ;Low;1859;5;30000;55770000;53539200;46475000;7064200;01/08/2014;8; August ;2014
Government;Canada; Montana ;Low;2851;5;700;1995700;1915872;1425500;490372;01/10/2013;10; October ;2013
Small Business;Germany; Montana ;Low;2021;5;30000;60630000;58204800;50525000;7679800;01/10/2014;10; October ;2014
Enterprise;Mexico; Montana ;Low;1138;5;12500;14225000;13656000;13656000; -   ;01/12/2014;12; December ;2014
Government;Canada; Paseo ;Low;4251;10;700;2975700;2856672;2125500;731172;01/01/2014;1; January ;2014
Enterprise;Germany; Paseo ;Low;795;10;12500;9937500;9540000;9540000; -   ;01/03/2014;3; March ;2014
Small Business;Germany; Paseo ;Low;14145;10;30000;42435000;40737600;35362500;5375100;01/04/2014;4; April ;2014
Small Business;United States of America; Paseo ;Low;2918;10;30000;87540000;84038400;72950000;11088400;01/05/2014;5; May ;2014
Government;United States of America; Paseo ;Low;3450;10;35000;120750000;115920000;89700000;26220000;01/07/2014;7; July ;2014
Enterprise;France; Paseo ;Low;2988;10;12500;37350000;35856000;35856000; -   ;01/07/2014;7; July ;2014
Midmarket;Canada; Paseo ;Low;218;10;1500;327000;313920;218000;95920;01/09/2014;9; September ;2014
Government;Canada; Paseo ;Low;2074;10;2000;4148000;3982080;2074000;1908080;01/09/2014;9; September ;2014
Government;United States of America; Paseo ;Low;1056;10;2000;2112000;2027520;1056000;971520;01/09/2014;9; September ;2014
Midmarket;United States of America; Paseo ;Low;671;10;1500;1006500;966240;671000;295240;01/10/2013;10; October ;2013
Midmarket;Mexico; Paseo ;Low;1514;10;1500;2271000;2180160;1514000;666160;01/10/2013;10; October ;2013
Government;United States of America; Paseo ;Low;274;10;35000;9590000;9206400;7124000;2082400;01/12/2014;12; December ;2014
Enterprise;Mexico; Paseo ;Low;1138;10;12500;14225000;13656000;13656000; -   ;01/12/2014;12; December ;2014
Channel Partners;United States of America; Velo ;Low;1465;120;1200;1758000;1687680;439500;1248180;01/03/2014;3; March ;2014
Government;Canada; Velo ;Low;2646;120;2000;5292000;5080320;2646000;2434320;01/09/2013;9; September ;2013
Government;France; Velo ;Low;2177;120;35000;76195000;73147200;56602000;16545200;01/10/2014;10; October ;2014
Channel Partners;France; VTT ;Low;866;250;1200;1039200;997632;259800;737832;01/05/2014;5; May ;2014
Government;United States of America; VTT ;Low;349;250;35000;12215000;11726400;9074000;2652400;01/09/2013;9; September ;2013
Government;France; VTT ;Low;2177;250;35000;76195000;73147200;56602000;16545200;01/10/2014;10; October ;2014
Midmarket;Mexico; VTT ;Low;1514;250;1500;2271000;2180160;1514000;666160;01/10/2013;10; October ;2013
Government;Mexico; Amarilla ;Low;1865;260;35000;65275000;62664000;48490000;14174000;01/02/2014;2; February ;2014
Enterprise;Mexico; Amarilla ;Low;1074;260;12500;13425000;12888000;12888000; -   ;01/04/2014;4; April ;2014
Government;Germany; Amarilla ;Low;1907;260;35000;66745000;64075200;49582000;14493200;01/09/2014;9; September ;2014
Midmarket;United States of America; Amarilla ;Low;671;260;1500;1006500;966240;671000;295240;01/10/2013;10; October ;2013
Government;Canada; Amarilla ;Low;1778;260;35000;62230000;59740800;46228000;13512800;01/12/2013;12; December ;2013
Government;Germany; Montana ;Medium;1159;5;700;811300;770735;579500;191235;01/10/2013;10; October ;2013
Government;Germany; Paseo ;Medium;1372;10;700;960400;912380;686000;226380;01/01/2014;1; January ;2014
Government;Canada; Paseo ;Medium;2349;10;700;1644300;1562085;1174500;387585;01/09/2013;9; September ;2013
Government;Mexico; Paseo ;Medium;2689;10;700;1882300;1788185;1344500;443685;01/10/2014;10; October ;2014
Channel Partners;Canada; Paseo ;Medium;2431;10;1200;2917200;2771340;729300;2042040;01/12/2014;12; December ;2014
Channel Partners;Canada; Velo ;Medium;2431;120;1200;2917200;2771340;729300;2042040;01/12/2014;12; December ;2014
Government;Mexico; VTT ;Medium;2689;250;700;1882300;1788185;1344500;443685;01/10/2014;10; October ;2014
Government;Mexico; Amarilla ;Medium;1683;260;700;1178100;1119195;841500;277695;01/07/2014;7; July ;2014
Channel Partners;Mexico; Amarilla ;Medium;1123;260;1200;1347600;1280220;336900;943320;01/08/2014;8; August ;2014
Government;Germany; Amarilla ;Medium;1159;260;700;811300;770735;579500;191235;01/10/2013;10; October ;2013
Channel Partners;France; Carretera ;Medium;1865;3;1200;2238000;2126100;559500;1566600;01/02/2014;2; February ;2014
Channel Partners;Germany; Carretera ;Medium;1116;3;1200;1339200;1272240;334800;937440;01/02/2014;2; February ;2014
Government;France; Carretera ;Medium;1563;3;2000;3126000;2969700;1563000;1406700;01/05/2014;5; May ;2014
Small Business;United States of America; Carretera ;Medium;991;3;30000;29730000;28243500;24775000;3468500;01/06/2014;6; June ;2014
Government;Germany; Carretera ;Medium;1016;3;700;711200;675640;508000;167640;01/11/2013;11; November ;2013
Midmarket;Mexico; Carretera ;Medium;2791;3;1500;4186500;3977175;2791000;1186175;01/11/2014;11; November ;2014
Government;United States of America; Carretera ;Medium;570;3;700;399000;379050;285000;94050;01/12/2014;12; December ;2014
Government;France; Carretera ;Medium;2487;3;700;1740900;1653855;1243500;410355;01/12/2014;12; December ;2014
Government;France; Montana ;Medium;13845;5;35000;48457500;46034625;35997000;10037625;01/01/2014;1; January ;2014
Enterprise;United States of America; Montana ;Medium;3627;5;12500;45337500;43070625;43524000;-453375;01/07/2014;7; July ;2014
Government;Mexico; Montana ;Medium;720;5;35000;25200000;23940000;18720000;5220000;01/09/2013;9; September ;2013
Channel Partners;Germany; Montana ;Medium;2342;5;1200;2810400;2669880;702600;1967280;01/11/2014;11; November ;2014
Small Business;Mexico; Montana ;Medium;1100;5;30000;33000000;31350000;27500000;3850000;01/12/2013;12; December ;2013
Government;France; Paseo ;Medium;1303;10;2000;2606000;2475700;1303000;1172700;01/02/2014;2; February ;2014
Enterprise;United States of America; Paseo ;Medium;2992;10;12500;37400000;35530000;35904000;-374000;01/03/2014;3; March ;2014
Enterprise;France; Paseo ;Medium;2385;10;12500;29812500;28321875;28620000;-298125;01/03/2014;3; March ;2014
Small Business;Mexico; Paseo ;Medium;1607;10;30000;48210000;45799500;40175000;5624500;01/04/2014;4; April ;2014
Government;United States of America; Paseo ;Medium;2327;10;700;1628900;1547455;1163500;383955;01/05/2014;5; May ;2014
Small Business;United States of America; Paseo ;Medium;991;10;30000;29730000;28243500;24775000;3468500;01/06/2014;6; June ;2014
Government;United States of America; Paseo ;Medium;602;10;35000;21070000;20016500;15652000;4364500;01/06/2014;6; June ;2014
Midmarket;France; Paseo ;Medium;2620;10;1500;3930000;3733500;2620000;1113500;01/09/2014;9; September ;2014
Government;Canada; Paseo ;Medium;1228;10;35000;42980000;40831000;31928000;8903000;01/10/2013;10; October ;2013
Government;Canada; Paseo ;Medium;1389;10;2000;2778000;2639100;1389000;1250100;01/10/2013;10; October ;2013
Enterprise;United States of America; Paseo ;Medium;861;10;12500;10762500;10224375;10332000;-107625;01/10/2014;10; October ;2014
Enterprise;France; Paseo ;Medium;704;10;12500;8800000;8360000;8448000;-88000;01/10/2013;10; October ;2013
Government;Canada; Paseo ;Medium;1802;10;2000;3604000;3423800;1802000;1621800;01/12/2013;12; December ;2013
Government;United States of America; Paseo ;Medium;2663;10;2000;5326000;5059700;2663000;2396700;01/12/2014;12; December ;2014
Government;France; Paseo ;Medium;2136;10;700;1495200;1420440;1068000;352440;01/12/2013;12; December ;2013
Midmarket;Germany; Paseo ;Medium;2116;10;1500;3174000;3015300;2116000;899300;01/12/2013;12; December ;2013
Midmarket;United States of America; Velo ;Medium;555;120;1500;832500;790875;555000;235875;01/01/2014;1; January ;2014
Midmarket;Mexico; Velo ;Medium;2861;120;1500;4291500;4076925;2861000;1215925;01/01/2014;1; January ;2014
Enterprise;Germany; Velo ;Medium;807;120;12500;10087500;9583125;9684000;-100875;01/02/2014;2; February ;2014
Government;United States of America; Velo ;Medium;602;120;35000;21070000;20016500;15652000;4364500;01/06/2014;6; June ;2014
Government;United States of America; Velo ;Medium;2832;120;2000;5664000;5380800;2832000;2548800;01/08/2014;8; August ;2014
Government;France; Velo ;Medium;1579;120;2000;3158000;3000100;1579000;1421100;01/08/2014;8; August ;2014
Enterprise;United States of America; Velo ;Medium;861;120;12500;10762500;10224375;10332000;-107625;01/10/2014;10; October ;2014
Enterprise;France; Velo ;Medium;704;120;12500;8800000;8360000;8448000;-88000;01/10/2013;10; October ;2013
Government;France; Velo ;Medium;1033;120;2000;2066000;1962700;1033000;929700;01/12/2013;12; December ;2013
Small Business;Germany; Velo ;Medium;1250;120;30000;37500000;35625000;31250000;4375000;01/12/2014;12; December ;2014
Government;Canada; VTT ;Medium;1389;250;2000;2778000;2639100;1389000;1250100;01/10/2013;10; October ;2013
Government;United States of America; VTT ;Medium;1265;250;2000;2530000;2403500;1265000;1138500;01/11/2013;11; November ;2013
Government;Germany; VTT ;Medium;2297;250;2000;4594000;4364300;2297000;2067300;01/11/2013;11; November ;2013
Government;United States of America; VTT ;Medium;2663;250;2000;5326000;5059700;2663000;2396700;01/12/2014;12; December ;2014
Government;United States of America; VTT ;Medium;570;250;700;399000;379050;285000;94050;01/12/2014;12; December ;2014
Government;France; VTT ;Medium;2487;250;700;1740900;1653855;1243500;410355;01/12/2014;12; December ;2014
Government;Germany; Amarilla ;Medium;1350;260;35000;47250000;44887500;35100000;9787500;01/02/2014;2; February ;2014
Government;Canada; Amarilla ;Medium;552;260;35000;19320000;18354000;14352000;4002000;01/08/2014;8; August ;2014
Government;Canada; Amarilla ;Medium;1228;260;35000;42980000;40831000;31928000;8903000;01/10/2013;10; October ;2013
Small Business;Germany; Amarilla ;Medium;1250;260;30000;37500000;35625000;31250000;4375000;01/12/2014;12; December ;2014
Midmarket;France; Paseo ;Medium;3801;10;1500;5701500;5359410;3801000;1558410;01/04/2014;4; April ;2014
Government;United States of America; Carretera ;Medium;11175;3;2000;2235000;2100900;1117500;983400;01/01/2014;1; January ;2014
Midmarket;Canada; Carretera ;Medium;2844;3;1500;4266000;4010040;2844000;1166040;01/06/2014;6; June ;2014
Channel Partners;Mexico; Carretera ;Medium;562;3;1200;674400;633936;168600;465336;01/09/2014;9; September ;2014
Channel Partners;Canada; Carretera ;Medium;2299;3;1200;2758800;2593272;689700;1903572;01/10/2013;10; October ;2013
Midmarket;United States of America; Carretera ;Medium;2030;3;1500;3045000;2862300;2030000;832300;01/11/2014;11; November ;2014
Government;United States of America; Carretera ;Medium;263;3;700;184100;173054;131500;41554;01/11/2013;11; November ;2013
Enterprise;Germany; Carretera ;Medium;887;3;12500;11087500;10422250;10644000;-221750;01/12/2013;12; December ;2013
Government;Mexico; Montana ;Medium;980;5;35000;34300000;32242000;25480000;6762000;01/04/2014;4; April ;2014
Government;Germany; Montana ;Medium;1460;5;35000;51100000;48034000;37960000;10074000;01/05/2014;5; May ;2014
Government;France; Montana ;Medium;1403;5;700;982100;923174;701500;221674;01/10/2013;10; October ;2013
Channel Partners;United States of America; Montana ;Medium;2723;5;1200;3267600;3071544;816900;2254644;01/11/2014;11; November ;2014
Government;France; Paseo ;Medium;1496;10;35000;52360000;49218400;38896000;10322400;01/06/2014;6; June ;2014
Channel Partners;Canada; Paseo ;Medium;2299;10;1200;2758800;2593272;689700;1903572;01/10/2013;10; October ;2013
Government;United States of America; Paseo ;Medium;727;10;35000;25445000;23918300;18902000;5016300;01/10/2013;10; October ;2013
Enterprise;Canada; Velo ;Medium;952;120;12500;11900000;11186000;11424000;-238000;01/02/2014;2; February ;2014
Enterprise;United States of America; Velo ;Medium;2755;120;12500;34437500;32371250;33060000;-688750;01/02/2014;2; February ;2014
Midmarket;Germany; Velo ;Medium;1530;120;1500;2295000;2157300;1530000;627300;01/05/2014;5; May ;2014
Government;France; Velo ;Medium;1496;120;35000;52360000;49218400;38896000;10322400;01/06/2014;6; June ;2014
Government;Mexico; Velo ;Medium;1498;120;700;1048600;985684;749000;236684;01/06/2014;6; June ;2014
Small Business;France; Velo ;Medium;1221;120;30000;36630000;34432200;30525000;3907200;01/10/2013;10; October ;2013
Government;France; Velo ;Medium;2076;120;35000;72660000;68300400;53976000;14324400;01/10/2013;10; October ;2013
Midmarket;Canada; VTT ;Medium;2844;250;1500;4266000;4010040;2844000;1166040;01/06/2014;6; June ;2014
Government;Mexico; VTT ;Medium;1498;250;700;1048600;985684;749000;236684;01/06/2014;6; June ;2014
Small Business;France; VTT ;Medium;1221;250;30000;36630000;34432200;30525000;3907200;01/10/2013;10; October ;2013
Government;Mexico; VTT ;Medium;1123;250;2000;2246000;2111240;1123000;988240;01/11/2013;11; November ;2013
Small Business;Canada; VTT ;Medium;2436;250;30000;73080000;68695200;60900000;7795200;01/12/2013;12; December ;2013
Enterprise;France; Amarilla ;Medium;19875;260;12500;24843750;23353125;23850000;-496875;01/01/2014;1; January ;2014
Government;Mexico; Amarilla ;Medium;1679;260;35000;58765000;55239100;43654000;11585100;01/09/2014;9; September ;2014
Government;United States of America; Amarilla ;Medium;727;260;35000;25445000;23918300;18902000;5016300;01/10/2013;10; October ;2013
Government;France; Amarilla ;Medium;1403;260;700;982100;923174;701500;221674;01/10/2013;10; October ;2013
Government;France; Amarilla ;Medium;2076;260;35000;72660000;68300400;53976000;14324400;01/10/2013;10; October ;2013
Government;France; Montana ;Medium;1757;5;2000;3514000;3303160;1757000;1546160;01/10/2013;10; October ;2013
Midmarket;United States of America; Paseo ;Medium;2198;10;1500;3297000;3099180;2198000;901180;01/08/2014;8; August ;2014
Midmarket;Germany; Paseo ;Medium;1743;10;1500;2614500;2457630;1743000;714630;01/08/2014;8; August ;2014
Midmarket;United States of America; Paseo ;Medium;1153;10;1500;1729500;1625730;1153000;472730;01/10/2014;10; October ;2014
Government;France; Paseo ;Medium;1757;10;2000;3514000;3303160;1757000;1546160;01/10/2013;10; October ;2013
Government;Germany; Velo ;Medium;1001;120;2000;2002000;1881880;1001000;880880;01/08/2014;8; August ;2014
Government;Mexico; Velo ;Medium;1333;120;700;933100;877114;666500;210614;01/11/2014;11; November ;2014
Midmarket;United States of America; VTT ;Medium;1153;250;1500;1729500;1625730;1153000;472730;01/10/2014;10; October ;2014
Channel Partners;Mexico; Carretera ;Medium;727;3;1200;872400;811332;218100;593232;01/02/2014;2; February ;2014
Channel Partners;Canada; Carretera ;Medium;1884;3;1200;2260800;2102544;565200;1537344;01/08/2014;8; August ;2014
Government;Mexico; Carretera ;Medium;1834;3;2000;3668000;3411240;1834000;1577240;01/09/2013;9; September ;2013
Channel Partners;Mexico; Montana ;Medium;2340;5;1200;2808000;2611440;702000;1909440;01/01/2014;1; January ;2014
Channel Partners;France; Montana ;Medium;2342;5;1200;2810400;2613672;702600;1911072;01/11/2014;11; November ;2014
Government;France; Paseo ;Medium;1031;10;700;721700;671181;515500;155681;01/09/2013;9; September ;2013
Midmarket;Canada; Velo ;Medium;1262;120;1500;1893000;1760490;1262000;498490;01/05/2014;5; May ;2014
Government;Canada; Velo ;Medium;1135;120;700;794500;738885;567500;171385;01/06/2014;6; June ;2014
Government;United States of America; Velo ;Medium;547;120;700;382900;356097;273500;82597;01/11/2014;11; November ;2014
Government;Canada; Velo ;Medium;1582;120;700;1107400;1029882;791000;238882;01/12/2014;12; December ;2014
Channel Partners;France; VTT ;Medium;17385;250;1200;2086200;1940166;521550;1418616;01/04/2014;4; April ;2014
Channel Partners;Germany; VTT ;Medium;2215;250;1200;2658000;2471940;664500;1807440;01/09/2013;9; September ;2013
Government;Canada; VTT ;Medium;1582;250;700;1107400;1029882;791000;238882;01/12/2014;12; December ;2014
Government;Canada; Amarilla ;Medium;1135;260;700;794500;738885;567500;171385;01/06/2014;6; June ;2014
Government;United States of America; Carretera ;Medium;1761;3;35000;61635000;57320550;45786000;11534550;01/03/2014;3; March ;2014
Small Business;France; Carretera ;Medium;448;3;30000;13440000;12499200;11200000;1299200;01/06/2014;6; June ;2014
Small Business;France; Carretera ;Medium;2181;3;30000;65430000;60849900;54525000;6324900;01/10/2014;10; October ;2014
Government;France; Montana ;Medium;1976;5;2000;3952000;3675360;1976000;1699360;01/10/2014;10; October ;2014
Small Business;France; Montana ;Medium;2181;5;30000;65430000;60849900;54525000;6324900;01/10/2014;10; October ;2014
Enterprise;Germany; Montana ;Medium;2500;5;12500;31250000;29062500;30000000;-937500;01/11/2013;11; November ;2013
Small Business;Canada; Paseo ;Medium;1702;10;30000;51060000;47485800;42550000;4935800;01/05/2014;5; May ;2014
Small Business;France; Paseo ;Medium;448;10;30000;13440000;12499200;11200000;1299200;01/06/2014;6; June ;2014
Enterprise;Germany; Paseo ;Medium;3513;10;12500;43912500;40838625;42156000;-1317375;01/07/2014;7; July ;2014
Midmarket;France; Paseo ;Medium;2101;10;1500;3151500;2930895;2101000;829895;01/08/2014;8; August ;2014
Midmarket;United States of America; Paseo ;Medium;2931;10;1500;4396500;4088745;2931000;1157745;01/09/2013;9; September ;2013
Government;France; Paseo ;Medium;1535;10;2000;3070000;2855100;1535000;1320100;01/09/2014;9; September ;2014
Small Business;Germany; Paseo ;Medium;1123;10;30000;33690000;31331700;28075000;3256700;01/09/2013;9; September ;2013
Small Business;Canada; Paseo ;Medium;1404;10;30000;42120000;39171600;35100000;4071600;01/11/2013;11; November ;2013
Channel Partners;Mexico; Paseo ;Medium;2763;10;1200;3315600;3083508;828900;2254608;01/11/2013;11; November ;2013
Government;Germany; Paseo ;Medium;2125;10;700;1487500;1383375;1062500;320875;01/12/2013;12; December ;2013
Small Business;France; Velo ;Medium;1659;120;30000;49770000;46286100;41475000;4811100;01/07/2014;7; July ;2014
Government;Mexico; Velo ;Medium;609;120;2000;1218000;1132740;609000;523740;01/08/2014;8; August ;2014
Enterprise;Germany; Velo ;Medium;2087;120;12500;26087500;24261375;25044000;-782625;01/09/2014;9; September ;2014
Government;France; Velo ;Medium;1976;120;2000;3952000;3675360;1976000;1699360;01/10/2014;10; October ;2014
Government;United States of America; Velo ;Medium;1421;120;2000;2842000;2643060;1421000;1222060;01/12/2013;12; December ;2013
Small Business;United States of America; Velo ;Medium;1372;120;30000;41160000;38278800;34300000;3978800;01/12/2014;12; December ;2014
Government;Germany; Velo ;Medium;588;120;2000;1176000;1093680;588000;505680;01/12/2013;12; December ;2013
Channel Partners;Canada; VTT ;Medium;32445;250;1200;3893400;3620862;973350;2647512;01/01/2014;1; January ;2014
Small Business;France; VTT ;Medium;959;250;30000;28770000;26756100;23975000;2781100;01/02/2014;2; February ;2014
Small Business;Mexico; VTT ;Medium;2747;250;30000;82410000;76641300;68675000;7966300;01/02/2014;2; February ;2014
Enterprise;Canada; Amarilla ;Medium;1645;260;12500;20562500;19123125;19740000;-616875;01/05/2014;5; May ;2014
Government;France; Amarilla ;Medium;2876;260;35000;100660000;93613800;74776000;18837800;01/09/2014;9; September ;2014
Enterprise;Germany; Amarilla ;Medium;994;260;12500;12425000;11555250;11928000;-372750;01/09/2013;9; September ;2013
Government;Canada; Amarilla ;Medium;1118;260;2000;2236000;2079480;1118000;961480;01/11/2014;11; November ;2014
Small Business;United States of America; Amarilla ;Medium;1372;260;30000;41160000;38278800;34300000;3978800;01/12/2014;12; December ;2014
Government;Canada; Montana ;Medium;488;5;700;341600;314272;244000;70272;01/02/2014;2; February ;2014
Government;United States of America; Montana ;Medium;1282;5;2000;2564000;2358880;1282000;1076880;01/06/2014;6; June ;2014
Government;Canada; Paseo ;Medium;257;10;700;179900;165508;128500;37008;01/05/2014;5; May ;2014
Government;United States of America; Amarilla ;Medium;1282;260;2000;2564000;2358880;1282000;1076880;01/06/2014;6; June ;2014
Enterprise;Mexico; Carretera ;Medium;1540;3;12500;19250000;17710000;18480000;-770000;01/08/2014;8; August ;2014
Midmarket;France; Carretera ;Medium;490;3;1500;735000;676200;490000;186200;01/11/2014;11; November ;2014
Government;Mexico; Carretera ;Medium;1362;3;35000;47670000;43856400;35412000;8444400;01/12/2014;12; December ;2014
Midmarket;France; Montana ;Medium;2501;5;1500;3751500;3451380;2501000;950380;01/03/2014;3; March ;2014
Government;Canada; Montana ;Medium;708;5;2000;1416000;1302720;708000;594720;01/06/2014;6; June ;2014
Government;Germany; Montana ;Medium;645;5;2000;1290000;1186800;645000;541800;01/07/2014;7; July ;2014
Small Business;France; Montana ;Medium;1562;5;30000;46860000;43111200;39050000;4061200;01/08/2014;8; August ;2014
Small Business;Canada; Montana ;Medium;1283;5;30000;38490000;35410800;32075000;3335800;01/09/2013;9; September ;2013
Midmarket;Germany; Montana ;Medium;711;5;1500;1066500;981180;711000;270180;01/12/2014;12; December ;2014
Enterprise;Mexico; Paseo ;Medium;1114;10;12500;13925000;12811000;13368000;-557000;01/03/2014;3; March ;2014
Government;Germany; Paseo ;Medium;1259;10;700;881300;810796;629500;181296;01/04/2014;4; April ;2014
Government;Germany; Paseo ;Medium;1095;10;700;766500;705180;547500;157680;01/05/2014;5; May ;2014
Government;Germany; Paseo ;Medium;1366;10;2000;2732000;2513440;1366000;1147440;01/06/2014;6; June ;2014
Small Business;Mexico; Paseo ;Medium;2460;10;30000;73800000;67896000;61500000;6396000;01/06/2014;6; June ;2014
Government;United States of America; Paseo ;Medium;678;10;700;474600;436632;339000;97632;01/08/2014;8; August ;2014
Government;Germany; Paseo ;Medium;1598;10;700;1118600;1029112;799000;230112;01/08/2014;8; August ;2014
Government;Germany; Paseo ;Medium;2409;10;700;1686300;1551396;1204500;346896;01/09/2013;9; September ;2013
Government;Germany; Paseo ;Medium;1934;10;2000;3868000;3558560;1934000;1624560;01/09/2014;9; September ;2014
Government;Mexico; Paseo ;Medium;2993;10;2000;5986000;5507120;2993000;2514120;01/09/2014;9; September ;2014
Government;Germany; Paseo ;Medium;2146;10;35000;75110000;69101200;55796000;13305200;01/11/2013;11; November ;2013
Government;Mexico; Paseo ;Medium;1946;10;700;1362200;1253224;973000;280224;01/12/2013;12; December ;2013
Government;Mexico; Paseo ;Medium;1362;10;35000;47670000;43856400;35412000;8444400;01/12/2014;12; December ;2014
Channel Partners;Canada; Velo ;Medium;598;120;1200;717600;660192;179400;480792;01/03/2014;3; March ;2014
Government;United States of America; Velo ;Medium;2907;120;700;2034900;1872108;1453500;418608;01/06/2014;6; June ;2014
Government;Germany; Velo ;Medium;2338;120;700;1636600;1505672;1169000;336672;01/06/2014;6; June ;2014
Small Business;France; Velo ;Medium;386;120;30000;11580000;10653600;9650000;1003600;01/11/2013;11; November ;2013
Small Business;Mexico; Velo ;Medium;635;120;30000;19050000;17526000;15875000;1651000;01/12/2014;12; December ;2014
Government;France; VTT ;Medium;5745;250;35000;20107500;18498900;14937000;3561900;01/04/2014;4; April ;2014
Government;Germany; VTT ;Medium;2338;250;700;1636600;1505672;1169000;336672;01/06/2014;6; June ;2014
Government;France; VTT ;Medium;381;250;35000;13335000;12268200;9906000;2362200;01/08/2014;8; August ;2014
Government;Germany; VTT ;Medium;422;250;35000;14770000;13588400;10972000;2616400;01/08/2014;8; August ;2014
Small Business;Canada; VTT ;Medium;2134;250;30000;64020000;58898400;53350000;5548400;01/09/2014;9; September ;2014
Small Business;United States of America; VTT ;Medium;808;250;30000;24240000;22300800;20200000;2100800;01/12/2013;12; December ;2013
Government;Canada; Amarilla ;Medium;708;260;2000;1416000;1302720;708000;594720;01/06/2014;6; June ;2014
Government;United States of America; Amarilla ;Medium;2907;260;700;2034900;1872108;1453500;418608;01/06/2014;6; June ;2014
Government;Germany; Amarilla ;Medium;1366;260;2000;2732000;2513440;1366000;1147440;01/06/2014;6; June ;2014
Small Business;Mexico; Amarilla ;Medium;2460;260;30000;73800000;67896000;61500000;6396000;01/06/2014;6; June ;2014
Government;Germany; Amarilla ;Medium;1520;260;2000;3040000;2796800;1520000;1276800;01/11/2014;11; November ;2014
Midmarket;Germany; Amarilla ;Medium;711;260;1500;1066500;981180;711000;270180;01/12/2014;12; December ;2014
Channel Partners;Mexico; Amarilla ;Medium;1375;260;1200;1650000;1518000;412500;1105500;01/12/2013;12; December ;2013
Small Business;Mexico; Amarilla ;Medium;635;260;30000;19050000;17526000;15875000;1651000;01/12/2014;12; December ;2014
Government;United States of America; VTT ;Medium;4365;250;2000;873000;803160;436500;366660;01/07/2014;7; July ;2014
Small Business;Canada; Carretera ;Medium;1094;3;30000;32820000;29866200;27350000;2516200;01/06/2014;6; June ;2014
Channel Partners;Mexico; Carretera ;Medium;367;3;1200;440400;400764;110100;290664;01/10/2013;10; October ;2013
Small Business;Canada; Montana ;Medium;38025;5;30000;114075000;103808250;95062500;8745750;01/04/2014;4; April ;2014
Government;France; Montana ;Medium;1666;5;35000;58310000;53062100;43316000;9746100;01/05/2014;5; May ;2014
Small Business;France; Montana ;Medium;322;5;30000;9660000;8790600;8050000;740600;01/09/2013;9; September ;2013
Channel Partners;Canada; Montana ;Medium;2321;5;1200;2785200;2534532;696300;1838232;01/11/2014;11; November ;2014
Enterprise;France; Montana ;Medium;1857;5;12500;23212500;21123375;22284000;-1160625;01/11/2013;11; November ;2013
Government;Canada; Montana ;Medium;1611;5;700;1127700;1026207;805500;220707;01/12/2013;12; December ;2013
Enterprise;United States of America; Montana ;Medium;2797;5;12500;34962500;31815875;33564000;-1748125;01/12/2014;12; December ;2014
Small Business;Germany; Montana ;Medium;334;5;30000;10020000;9118200;8350000;768200;01/12/2013;12; December ;2013
Small Business;Mexico; Paseo ;Medium;2565;10;30000;76950000;70024500;64125000;5899500;01/01/2014;1; January ;2014
Government;Mexico; Paseo ;Medium;2417;10;35000;84595000;76981450;62842000;14139450;01/01/2014;1; January ;2014
Midmarket;United States of America; Paseo ;Medium;3675;10;1500;5512500;5016375;3675000;1341375;01/04/2014;4; April ;2014
Small Business;Canada; Paseo ;Medium;1094;10;30000;32820000;29866200;27350000;2516200;01/06/2014;6; June ;2014
Midmarket;France; Paseo ;Medium;1227;10;1500;1840500;1674855;1227000;447855;01/10/2014;10; October ;2014
Channel Partners;Mexico; Paseo ;Medium;367;10;1200;440400;400764;110100;290664;01/10/2013;10; October ;2013
Small Business;France; Paseo ;Medium;1324;10;30000;39720000;36145200;33100000;3045200;01/11/2014;11; November ;2014
Channel Partners;Germany; Paseo ;Medium;1775;10;1200;2130000;1938300;532500;1405800;01/11/2013;11; November ;2013
Enterprise;United States of America; Paseo ;Medium;2797;10;12500;34962500;31815875;33564000;-1748125;01/12/2014;12; December ;2014
Midmarket;Mexico; Velo ;Medium;245;120;1500;367500;334425;245000;89425;01/05/2014;5; May ;2014
Small Business;Canada; Velo ;Medium;37935;120;30000;113805000;103562550;94837500;8725050;01/07/2014;7; July ;2014
Government;Germany; Velo ;Medium;1307;120;35000;45745000;41627950;33982000;7645950;01/07/2014;7; July ;2014
Enterprise;Canada; Velo ;Medium;567;120;12500;7087500;6449625;6804000;-354375;01/09/2014;9; September ;2014
Enterprise;Mexico; Velo ;Medium;2110;120;12500;26375000;24001250;25320000;-1318750;01/09/2014;9; September ;2014
Government;Canada; Velo ;Medium;1269;120;35000;44415000;40417650;32994000;7423650;01/10/2014;10; October ;2014
Channel Partners;United States of America; VTT ;Medium;1956;250;1200;2347200;2135952;586800;1549152;01/01/2014;1; January ;2014
Small Business;Germany; VTT ;Medium;2659;250;30000;79770000;72590700;66475000;6115700;01/02/2014;2; February ;2014
Government;United States of America; VTT ;Medium;13515;250;35000;47302500;43045275;35139000;7906275;01/04/2014;4; April ;2014
Channel Partners;Germany; VTT ;Medium;880;250;1200;1056000;960960;264000;696960;01/05/2014;5; May ;2014
Small Business;United States of America; VTT ;Medium;1867;250;30000;56010000;50969100;46675000;4294100;01/09/2014;9; September ;2014
Channel Partners;France; VTT ;Medium;2234;250;1200;2680800;2439528;670200;1769328;01/09/2013;9; September ;2013
Midmarket;France; VTT ;Medium;1227;250;1500;1840500;1674855;1227000;447855;01/10/2014;10; October ;2014
Enterprise;Mexico; VTT ;Medium;877;250;12500;10962500;9975875;10524000;-548125;01/11/2014;11; November ;2014
Government;United States of America; Amarilla ;Medium;2071;260;35000;72485000;65961350;53846000;12115350;01/09/2014;9; September ;2014
Government;Canada; Amarilla ;Medium;1269;260;35000;44415000;40417650;32994000;7423650;01/10/2014;10; October ;2014
Midmarket;Germany; Amarilla ;Medium;970;260;1500;1455000;1324050;970000;354050;01/11/2013;11; November ;2013
Government;Mexico; Amarilla ;Medium;1694;260;2000;3388000;3083080;1694000;1389080;01/11/2014;11; November ;2014
Government;Germany; Carretera ;Medium;663;3;2000;1326000;1206660;663000;543660;01/05/2014;5; May ;2014
Government;Canada; Carretera ;Medium;819;3;700;573300;521703;409500;112203;01/07/2014;7; July ;2014
Channel Partners;Germany; Carretera ;Medium;1580;3;1200;1896000;1725360;474000;1251360;01/09/2014;9; September ;2014
Government;Mexico; Carretera ;Medium;521;3;700;364700;331877;260500;71377;01/12/2014;12; December ;2014
Government;United States of America; Paseo ;Medium;973;10;2000;1946000;1770860;973000;797860;01/03/2014;3; March ;2014
Government;Mexico; Paseo ;Medium;1038;10;2000;2076000;1889160;1038000;851160;01/06/2014;6; June ;2014
Government;Germany; Paseo ;Medium;360;10;700;252000;229320;180000;49320;01/10/2014;10; October ;2014
Channel Partners;France; Velo ;Medium;1967;120;1200;2360400;2147964;590100;1557864;01/03/2014;3; March ;2014
Midmarket;Mexico; Velo ;Medium;2628;120;1500;3942000;3587220;2628000;959220;01/04/2014;4; April ;2014
Government;Germany; VTT ;Medium;360;250;700;252000;229320;180000;49320;01/10/2014;10; October ;2014
Government;France; VTT ;Medium;2682;250;2000;5364000;4881240;2682000;2199240;01/11/2013;11; November ;2013
Government;Mexico; VTT ;Medium;521;250;700;364700;331877;260500;71377;01/12/2014;12; December ;2014
Government;Mexico; Amarilla ;Medium;1038;260;2000;2076000;1889160;1038000;851160;01/06/2014;6; June ;2014
Midmarket;Canada; Amarilla ;Medium;16305;260;1500;2445750;2225633;1630500;595133;01/07/2014;7; July ;2014
Channel Partners;France; Amarilla ;Medium;306;260;1200;367200;334152;91800;242352;01/12/2013;12; December ;2013
Channel Partners;United States of America; Carretera ;High;386;3;1200;463200;416880;115800;301080;01/10/2013;10; October ;2013
Government;United States of America; Montana ;High;2328;5;700;1629600;1466640;1164000;302640;01/09/2014;9; September ;2014
Channel Partners;United States of America; Paseo ;High;386;10;1200;463200;416880;115800;301080;01/10/2013;10; October ;2013
Enterprise;United States of America; Carretera ;High;34455;3;12500;43068750;38761875;41346000;-2584125;01/04/2014;4; April ;2014
Enterprise;France; Carretera ;High;1482;3;12500;18525000;16672500;17784000;-1111500;01/12/2013;12; December ;2013
Government;United States of America; Montana ;High;2313;5;35000;80955000;72859500;60138000;12721500;01/05/2014;5; May ;2014
Enterprise;United States of America; Montana ;High;1804;5;12500;22550000;20295000;21648000;-1353000;01/11/2013;11; November ;2013
Midmarket;France; Montana ;High;2072;5;1500;3108000;2797200;2072000;725200;01/12/2014;12; December ;2014
Government;France; Paseo ;High;1954;10;2000;3908000;3517200;1954000;1563200;01/03/2014;3; March ;2014
Small Business;Mexico; Paseo ;High;591;10;30000;17730000;15957000;14775000;1182000;01/05/2014;5; May ;2014
Midmarket;France; Paseo ;High;2167;10;1500;3250500;2925450;2167000;758450;01/10/2013;10; October ;2013
Government;Germany; Paseo ;High;241;10;2000;482000;433800;241000;192800;01/10/2014;10; October ;2014
Midmarket;Germany; Velo ;High;681;120;1500;1021500;919350;681000;238350;01/01/2014;1; January ;2014
Midmarket;Germany; Velo ;High;510;120;1500;765000;688500;510000;178500;01/04/2014;4; April ;2014
Midmarket;United States of America; Velo ;High;790;120;1500;1185000;1066500;790000;276500;01/05/2014;5; May ;2014
Government;France; Velo ;High;639;120;35000;22365000;20128500;16614000;3514500;01/07/2014;7; July ;2014
Enterprise;United States of America; Velo ;High;1596;120;12500;19950000;17955000;19152000;-1197000;01/09/2014;9; September ;2014
Small Business;United States of America; Velo ;High;2294;120;30000;68820000;61938000;57350000;4588000;01/10/2013;10; October ;2013
Government;Germany; Velo ;High;241;120;2000;482000;433800;241000;192800;01/10/2014;10; October ;2014
Government;Germany; Velo ;High;2665;120;700;1865500;1678950;1332500;346450;01/11/2014;11; November ;2014
Enterprise;Canada; Velo ;High;1916;120;12500;23950000;21555000;22992000;-1437000;01/12/2013;12; December ;2013
Small Business;France; Velo ;High;853;120;30000;25590000;23031000;21325000;1706000;01/12/2014;12; December ;2014
Enterprise;Mexico; VTT ;High;341;250;12500;4262500;3836250;4092000;-255750;01/05/2014;5; May ;2014
Midmarket;Mexico; VTT ;High;641;250;1500;961500;865350;641000;224350;01/07/2014;7; July ;2014
Government;United States of America; VTT ;High;2807;250;35000;98245000;88420500;72982000;15438500;01/08/2014;8; August ;2014
Small Business;Mexico; VTT ;High;432;250;30000;12960000;11664000;10800000;864000;01/09/2014;9; September ;2014
Small Business;United States of America; VTT ;High;2294;250;30000;68820000;61938000;57350000;4588000;01/10/2013;10; October ;2013
Midmarket;France; VTT ;High;2167;250;1500;3250500;2925450;2167000;758450;01/10/2013;10; October ;2013
Enterprise;Canada; VTT ;High;2529;250;12500;31612500;28451250;30348000;-1896750;01/11/2014;11; November ;2014
Government;Germany; VTT ;High;1870;250;35000;65450000;58905000;48620000;10285000;01/12/2013;12; December ;2013
Enterprise;United States of America; Amarilla ;High;579;260;12500;7237500;6513750;6948000;-434250;01/01/2014;1; January ;2014
Government;Canada; Amarilla ;High;2240;260;35000;78400000;70560000;58240000;12320000;01/02/2014;2; February ;2014
Small Business;United States of America; Amarilla ;High;2993;260;30000;89790000;80811000;74825000;5986000;01/03/2014;3; March ;2014
Channel Partners;Canada; Amarilla ;High;35205;260;1200;4224600;3802140;1056150;2745990;01/04/2014;4; April ;2014
Government;Mexico; Amarilla ;High;2039;260;2000;4078000;3670200;2039000;1631200;01/05/2014;5; May ;2014
Channel Partners;Germany; Amarilla ;High;2574;260;1200;3088800;2779920;772200;2007720;01/08/2014;8; August ;2014
Government;Canada; Amarilla ;High;707;260;35000;24745000;22270500;18382000;3888500;01/09/2014;9; September ;2014
Midmarket;France; Amarilla ;High;2072;260;1500;3108000;2797200;2072000;725200;01/12/2014;12; December ;2014
Small Business;France; Amarilla ;High;853;260;30000;25590000;23031000;21325000;1706000;01/12/2014;12; December ;2014
Channel Partners;France; Carretera ;High;1198;3;1200;1437600;1279464;359400;920064;01/10/2013;10; October ;2013
Government;France; Paseo ;High;2532;10;700;1772400;1577436;1266000;311436;01/04/2014;4; April ;2014
Channel Partners;France; Paseo ;High;1198;10;1200;1437600;1279464;359400;920064;01/10/2013;10; October ;2013
Midmarket;Canada; Velo ;High;384;120;1500;576000;512640;384000;128640;01/01/2014;1; January ;2014
Channel Partners;Germany; Velo ;High;472;120;1200;566400;504096;141600;362496;01/10/2014;10; October ;2014
Government;United States of America; VTT ;High;1579;250;700;1105300;983717;789500;194217;01/03/2014;3; March ;2014
Channel Partners;Mexico; VTT ;High;1005;250;1200;1206000;1073340;301500;771840;01/09/2013;9; September ;2013
Midmarket;United States of America; Amarilla ;High;31995;260;1500;4799250;4271333;3199500;1071833;01/07/2014;7; July ;2014
Channel Partners;Germany; Amarilla ;High;472;260;1200;566400;504096;141600;362496;01/10/2014;10; October ;2014
Channel Partners;Canada; Carretera ;High;1937;3;1200;2324400;2068716;581100;1487616;01/02/2014;2; February ;2014
Government;Germany; Carretera ;High;792;3;35000;27720000;24670800;20592000;4078800;01/03/2014;3; March ;2014
Small Business;Germany; Carretera ;High;2811;3;30000;84330000;75053700;70275000;4778700;01/07/2014;7; July ;2014
Enterprise;France; Carretera ;High;2441;3;12500;30512500;27156125;29292000;-2135875;01/10/2014;10; October ;2014
Midmarket;Canada; Carretera ;High;1560;3;1500;2340000;2082600;1560000;522600;01/11/2013;11; November ;2013
Government;Mexico; Carretera ;High;2706;3;700;1894200;1685838;1353000;332838;01/11/2013;11; November ;2013
Government;Germany; Montana ;High;766;5;35000;26810000;23860900;19916000;3944900;01/01/2014;1; January ;2014
Government;Germany; Montana ;High;2992;5;2000;5984000;5325760;2992000;2333760;01/10/2013;10; October ;2013
Midmarket;Mexico; Montana ;High;2157;5;1500;3235500;2879595;2157000;722595;01/12/2014;12; December ;2014
Small Business;Canada; Paseo ;High;873;10;30000;26190000;23309100;21825000;1484100;01/01/2014;1; January ;2014
Government;Mexico; Paseo ;High;1122;10;2000;2244000;1997160;1122000;875160;01/03/2014;3; March ;2014
Government;Canada; Paseo ;High;21045;10;35000;73657500;65555175;54717000;10838175;01/07/2014;7; July ;2014
Channel Partners;Canada; Paseo ;High;4026;10;1200;4831200;4299768;1207800;3091968;01/07/2014;7; July ;2014
Channel Partners;France; Paseo ;High;24255;10;1200;2910600;2590434;727650;1862784;01/07/2014;7; July ;2014
Government;Canada; Paseo ;High;2394;10;2000;4788000;4261320;2394000;1867320;01/08/2014;8; August ;2014
Midmarket;Mexico; Paseo ;High;1984;10;1500;2976000;2648640;1984000;664640;01/08/2014;8; August ;2014
Enterprise;France; Paseo ;High;2441;10;12500;30512500;27156125;29292000;-2135875;01/10/2014;10; October ;2014
Government;Germany; Paseo ;High;2992;10;2000;5984000;5325760;2992000;2333760;01/10/2013;10; October ;2013
Small Business;Canada; Paseo ;High;1366;10;30000;40980000;36472200;34150000;2322200;01/11/2014;11; November ;2014
Government;France; Velo ;High;2805;120;2000;5610000;4992900;2805000;2187900;01/09/2013;9; September ;2013
Midmarket;Mexico; Velo ;High;655;120;1500;982500;874425;655000;219425;01/09/2013;9; September ;2013
Government;Mexico; Velo ;High;344;120;35000;12040000;10715600;8944000;1771600;01/10/2013;10; October ;2013
Government;Canada; Velo ;High;1808;120;700;1265600;1126384;904000;222384;01/11/2014;11; November ;2014
Channel Partners;France; VTT ;High;1734;250;1200;2080800;1851912;520200;1331712;01/01/2014;1; January ;2014
Enterprise;Mexico; VTT ;High;554;250;12500;6925000;6163250;6648000;-484750;01/01/2014;1; January ;2014
Government;Canada; VTT ;High;2935;250;2000;5870000;5224300;2935000;2289300;01/11/2013;11; November ;2013
Enterprise;Germany; Amarilla ;High;3165;260;12500;39562500;35210625;37980000;-2769375;01/01/2014;1; January ;2014
Government;Mexico; Amarilla ;High;2629;260;2000;5258000;4679620;2629000;2050620;01/01/2014;1; January ;2014
Enterprise;France; Amarilla ;High;1433;260;12500;17912500;15942125;17196000;-1253875;01/05/2014;5; May ;2014
Enterprise;Mexico; Amarilla ;High;947;260;12500;11837500;10535375;11364000;-828625;01/09/2013;9; September ;2013
Government;Mexico; Amarilla ;High;344;260;35000;12040000;10715600;8944000;1771600;01/10/2013;10; October ;2013
Midmarket;Mexico; Amarilla ;High;2157;260;1500;3235500;2879595;2157000;722595;01/12/2014;12; December ;2014
Government;United States of America; Paseo ;High;380;10;700;266000;236740;190000;46740;01/09/2013;9; September ;2013
Government;Mexico; Carretera ;High;886;3;35000;31010000;27288800;23036000;4252800;01/06/2014;6; June ;2014
Enterprise;Canada; Carretera ;High;2416;3;12500;30200000;26576000;28992000;-2416000;01/09/2013;9; September ;2013
Enterprise;Mexico; Carretera ;High;2156;3;12500;26950000;23716000;25872000;-2156000;01/10/2014;10; October ;2014
Midmarket;Canada; Carretera ;High;2689;3;1500;4033500;3549480;2689000;860480;01/11/2014;11; November ;2014
Midmarket;United States of America; Montana ;High;677;5;1500;1015500;893640;677000;216640;01/03/2014;3; March ;2014
Small Business;France; Montana ;High;1773;5;30000;53190000;46807200;44325000;2482200;01/04/2014;4; April ;2014
Government;Mexico; Montana ;High;2420;5;700;1694000;1490720;1210000;280720;01/09/2014;9; September ;2014
Government;Canada; Montana ;High;2734;5;700;1913800;1684144;1367000;317144;01/10/2014;10; October ;2014
Government;Mexico; Montana ;High;1715;5;2000;3430000;3018400;1715000;1303400;01/10/2013;10; October ;2013
Small Business;France; Montana ;High;1186;5;30000;35580000;31310400;29650000;1660400;01/12/2013;12; December ;2013
Small Business;United States of America; Paseo ;High;3495;10;30000;104850000;92268000;87375000;4893000;01/01/2014;1; January ;2014
Government;Mexico; Paseo ;High;886;10;35000;31010000;27288800;23036000;4252800;01/06/2014;6; June ;2014
Enterprise;Mexico; Paseo ;High;2156;10;12500;26950000;23716000;25872000;-2156000;01/10/2014;10; October ;2014
Government;Mexico; Paseo ;High;905;10;2000;1810000;1592800;905000;687800;01/10/2014;10; October ;2014
Government;Mexico; Paseo ;High;1715;10;2000;3430000;3018400;1715000;1303400;01/10/2013;10; October ;2013
Government;France; Paseo ;High;1594;10;35000;55790000;49095200;41444000;7651200;01/11/2014;11; November ;2014
Small Business;Germany; Paseo ;High;1359;10;30000;40770000;35877600;33975000;1902600;01/11/2014;11; November ;2014
Small Business;Mexico; Paseo ;High;2150;10;30000;64500000;56760000;53750000;3010000;01/11/2014;11; November ;2014
Government;Mexico; Paseo ;High;1197;10;35000;41895000;36867600;31122000;5745600;01/11/2014;11; November ;2014
Midmarket;Mexico; Paseo ;High;380;10;1500;570000;501600;380000;121600;01/12/2013;12; December ;2013
Government;Mexico; Paseo ;High;1233;10;2000;2466000;2170080;1233000;937080;01/12/2014;12; December ;2014
Government;Mexico; Velo ;High;1395;120;35000;48825000;42966000;36270000;6696000;01/07/2014;7; July ;2014
Government;United States of America; Velo ;High;986;120;35000;34510000;30368800;25636000;4732800;01/10/2014;10; October ;2014
Government;Mexico; Velo ;High;905;120;2000;1810000;1592800;905000;687800;01/10/2014;10; October ;2014
Channel Partners;Canada; VTT ;High;2109;250;1200;2530800;2227104;632700;1594404;01/05/2014;5; May ;2014
Midmarket;France; VTT ;High;38745;250;1500;5811750;5114340;3874500;1239840;01/07/2014;7; July ;2014
Government;Canada; VTT ;High;623;250;35000;21805000;19188400;16198000;2990400;01/09/2013;9; September ;2013
Government;United States of America; VTT ;High;986;250;35000;34510000;30368800;25636000;4732800;01/10/2014;10; October ;2014
Enterprise;United States of America; VTT ;High;2387;250;12500;29837500;26257000;28644000;-2387000;01/11/2014;11; November ;2014
Government;Mexico; VTT ;High;1233;250;2000;2466000;2170080;1233000;937080;01/12/2014;12; December ;2014
Government;United States of America; Amarilla ;High;270;260;35000;9450000;8316000;7020000;1296000;01/02/2014;2; February ;2014
Government;France; Amarilla ;High;34215;260;700;2395050;2107644;1710750;396894;01/07/2014;7; July ;2014
Government;Canada; Amarilla ;High;2734;260;700;1913800;1684144;1367000;317144;01/10/2014;10; October ;2014
Midmarket;United States of America; Amarilla ;High;2548;260;1500;3822000;3363360;2548000;815360;01/11/2013;11; November ;2013
Government;France; Carretera ;High;25215;3;2000;5043000;4437840;2521500;1916340;01/01/2014;1; January ;2014
Channel Partners;Mexico; Montana ;High;2661;5;1200;3193200;2810016;798300;2011716;01/05/2014;5; May ;2014
Government;Germany; Paseo ;High;1531;10;2000;3062000;2694560;1531000;1163560;01/12/2014;12; December ;2014
Government;France; VTT ;High;1491;250;700;1043700;918456;745500;172956;01/03/2014;3; March ;2014
Government;Germany; VTT ;High;1531;250;2000;3062000;2694560;1531000;1163560;01/12/2014;12; December ;2014
Channel Partners;Canada; Amarilla ;High;2761;260;1200;3313200;2915616;828300;2087316;01/09/2013;9; September ;2013
Midmarket;United States of America; Carretera ;High;2567;3;1500;3850500;3349935;2567000;782935;01/06/2014;6; June ;2014
Midmarket;United States of America; VTT ;High;2567;250;1500;3850500;3349935;2567000;782935;01/06/2014;6; June ;2014
Government;Canada; Carretera ;High;923;3;35000;32305000;28105350;23998000;4107350;01/03/2014;3; March ;2014
Government;France; Carretera ;High;1790;3;35000;62650000;54505500;46540000;7965500;01/03/2014;3; March ;2014
Government;Germany; Carretera ;High;442;3;2000;884000;769080;442000;327080;01/09/2013;9; September ;2013
Government;United States of America; Montana ;High;9825;5;35000;34387500;29917125;25545000;4372125;01/01/2014;1; January ;2014
Government;United States of America; Montana ;High;1298;5;700;908600;790482;649000;141482;01/02/2014;2; February ;2014
Channel Partners;Mexico; Montana ;High;604;5;1200;724800;630576;181200;449376;01/06/2014;6; June ;2014
Government;Mexico; Montana ;High;2255;5;2000;4510000;3923700;2255000;1668700;01/07/2014;7; July ;2014
Government;Canada; Montana ;High;1249;5;2000;2498000;2173260;1249000;924260;01/10/2014;10; October ;2014
Government;United States of America; Paseo ;High;14385;10;700;1006950;876047;719250;156797;01/01/2014;1; January ;2014
Small Business;Germany; Paseo ;High;807;10;30000;24210000;21062700;20175000;887700;01/01/2014;1; January ;2014
Government;United States of America; Paseo ;High;2641;10;2000;5282000;4595340;2641000;1954340;01/02/2014;2; February ;2014
Government;Germany; Paseo ;High;2708;10;2000;5416000;4711920;2708000;2003920;01/02/2014;2; February ;2014
Government;Canada; Paseo ;High;2632;10;35000;92120000;80144400;68432000;11712400;01/06/2014;6; June ;2014
Enterprise;Canada; Paseo ;High;1583;10;12500;19787500;17215125;18996000;-1780875;01/06/2014;6; June ;2014
Channel Partners;Mexico; Paseo ;High;571;10;1200;685200;596124;171300;424824;01/07/2014;7; July ;2014
Government;France; Paseo ;High;2696;10;700;1887200;1641864;1348000;293864;01/08/2014;8; August ;2014
Midmarket;Canada; Paseo ;High;1565;10;1500;2347500;2042325;1565000;477325;01/10/2014;10; October ;2014
Government;Canada; Paseo ;High;1249;10;2000;2498000;2173260;1249000;924260;01/10/2014;10; October ;2014
Government;Germany; Paseo ;High;357;10;35000;12495000;10870650;9282000;1588650;01/11/2014;11; November ;2014
Channel Partners;Germany; Paseo ;High;1013;10;1200;1215600;1057572;303900;753672;01/12/2014;12; December ;2014
Midmarket;France; Velo ;High;39975;120;1500;5996250;5216738;3997500;1219238;01/01/2014;1; January ;2014
Government;Canada; Velo ;High;2632;120;35000;92120000;80144400;68432000;11712400;01/06/2014;6; June ;2014
Government;France; Velo ;High;1190;120;700;833000;724710;595000;129710;01/06/2014;6; June ;2014
Channel Partners;Mexico; Velo ;High;604;120;1200;724800;630576;181200;449376;01/06/2014;6; June ;2014
Midmarket;Germany; Velo ;High;660;120;1500;990000;861300;660000;201300;01/09/2013;9; September ;2013
Channel Partners;Mexico; Velo ;High;410;120;1200;492000;428040;123000;305040;01/10/2014;10; October ;2014
Small Business;Mexico; Velo ;High;2605;120;30000;78150000;67990500;65125000;2865500;01/11/2013;11; November ;2013
Channel Partners;Germany; Velo ;High;1013;120;1200;1215600;1057572;303900;753672;01/12/2014;12; December ;2014
Enterprise;Canada; VTT ;High;1583;250;12500;19787500;17215125;18996000;-1780875;01/06/2014;6; June ;2014
Midmarket;Canada; VTT ;High;1565;250;1500;2347500;2042325;1565000;477325;01/10/2014;10; October ;2014
Enterprise;Canada; Amarilla ;High;1659;260;12500;20737500;18041625;19908000;-1866375;01/01/2014;1; January ;2014
Government;France; Amarilla ;High;1190;260;700;833000;724710;595000;129710;01/06/2014;6; June ;2014
Channel Partners;Mexico; Amarilla ;High;410;260;1200;492000;428040;123000;305040;01/10/2014;10; October ;2014
Channel Partners;Germany; Amarilla ;High;1770;260;1200;2124000;1847880;531000;1316880;01/12/2013;12; December ;2013
Government;Mexico; Carretera ;High;2579;3;2000;5158000;4435880;2579000;1856880;01/04/2014;4; April ;2014
Government;United States of America; Carretera ;High;1743;3;2000;3486000;2997960;1743000;1254960;01/05/2014;5; May ;2014
Government;United States of America; Carretera ;High;2996;3;700;2097200;1803592;1498000;305592;01/10/2013;10; October ;2013
Government;Germany; Carretera ;High;280;3;700;196000;168560;140000;28560;01/12/2014;12; December ;2014
Government;France; Montana ;High;293;5;700;205100;176386;146500;29886;01/02/2014;2; February ;2014
Government;United States of America; Montana ;High;2996;5;700;2097200;1803592;1498000;305592;01/10/2013;10; October ;2013
Midmarket;Germany; Paseo ;High;278;10;1500;417000;358620;278000;80620;01/02/2014;2; February ;2014
Government;Canada; Paseo ;High;2428;10;2000;4856000;4176160;2428000;1748160;01/03/2014;3; March ;2014
Midmarket;United States of America; Paseo ;High;1767;10;1500;2650500;2279430;1767000;512430;01/09/2014;9; September ;2014
Channel Partners;France; Paseo ;High;1393;10;1200;1671600;1437576;417900;1019676;01/10/2014;10; October ;2014
Government;Germany; VTT ;High;280;250;700;196000;168560;140000;28560;01/12/2014;12; December ;2014
Channel Partners;France; Amarilla ;High;1393;260;1200;1671600;1437576;417900;1019676;01/10/2014;10; October ;2014
Channel Partners;United States of America; Amarilla ;High;2015;260;1200;2418000;2079480;604500;1474980;01/12/2013;12; December ;2013
Small Business;Mexico; Carretera ;High;801;3;30000;24030000;20665800;20025000;640800;01/07/2014;7; July ;2014
Enterprise;France; Carretera ;High;1023;3;12500;12787500;10997250;12276000;-1278750;01/09/2013;9; September ;2013
Small Business;Canada; Carretera ;High;1496;3;30000;44880000;38596800;37400000;1196800;01/10/2014;10; October ;2014
Small Business;United States of America; Carretera ;High;1010;3;30000;30300000;26058000;25250000;808000;01/10/2014;10; October ;2014
Midmarket;Germany; Carretera ;High;1513;3;1500;2269500;1951770;1513000;438770;01/11/2014;11; November ;2014
Midmarket;Canada; Carretera ;High;2300;3;1500;3450000;2967000;2300000;667000;01/12/2014;12; December ;2014
Enterprise;Mexico; Carretera ;High;2821;3;12500;35262500;30325750;33852000;-3526250;01/12/2013;12; December ;2013
Government;Canada; Montana ;High;22275;5;35000;77962500;67047750;57915000;9132750;01/01/2014;1; January ;2014
Government;Germany; Montana ;High;1199;5;35000;41965000;36089900;31174000;4915900;01/04/2014;4; April ;2014
Government;Canada; Montana ;High;200;5;35000;7000000;6020000;5200000;820000;01/05/2014;5; May ;2014
Government;Canada; Montana ;High;388;5;700;271600;233576;194000;39576;01/09/2014;9; September ;2014
Government;Mexico; Montana ;High;1727;5;700;1208900;1039654;863500;176154;01/10/2013;10; October ;2013
Midmarket;Canada; Montana ;High;2300;5;1500;3450000;2967000;2300000;667000;01/12/2014;12; December ;2014
Government;Mexico; Paseo ;High;260;10;2000;520000;447200;260000;187200;01/02/2014;2; February ;2014
Midmarket;Canada; Paseo ;High;2470;10;1500;3705000;3186300;2470000;716300;01/09/2013;9; September ;2013
Midmarket;Canada; Paseo ;High;1743;10;1500;2614500;2248470;1743000;505470;01/10/2013;10; October ;2013
Channel Partners;United States of America; Paseo ;High;2914;10;1200;3496800;3007248;874200;2133048;01/10/2014;10; October ;2014
Government;France; Paseo ;High;1731;10;700;1211700;1042062;865500;176562;01/10/2014;10; October ;2014
Government;Canada; Paseo ;High;700;10;35000;24500000;21070000;18200000;2870000;01/11/2014;11; November ;2014
Channel Partners;Canada; Paseo ;High;2222;10;1200;2666400;2293104;666600;1626504;01/11/2013;11; November ;2013
Government;United States of America; Paseo ;High;1177;10;35000;41195000;35427700;30602000;4825700;01/11/2014;11; November ;2014
Government;France; Paseo ;High;1922;10;35000;67270000;57852200;49972000;7880200;01/11/2013;11; November ;2013
Enterprise;Mexico; Velo ;High;1575;120;12500;19687500;16931250;18900000;-1968750;01/02/2014;2; February ;2014
Government;United States of America; Velo ;High;606;120;2000;1212000;1042320;606000;436320;01/04/2014;4; April ;2014
Small Business;United States of America; Velo ;High;2460;120;30000;73800000;63468000;61500000;1968000;01/07/2014;7; July ;2014
Small Business;Canada; Velo ;High;269;120;30000;8070000;6940200;6725000;215200;01/10/2013;10; October ;2013
Small Business;Germany; Velo ;High;2536;120;30000;76080000;65428800;63400000;2028800;01/11/2013;11; November ;2013
Government;Mexico; VTT ;High;2903;250;700;2032100;1747606;1451500;296106;01/03/2014;3; March ;2014
Small Business;United States of America; VTT ;High;2541;250;30000;76230000;65557800;63525000;2032800;01/08/2014;8; August ;2014
Small Business;Canada; VTT ;High;269;250;30000;8070000;6940200;6725000;215200;01/10/2013;10; October ;2013
Small Business;Canada; VTT ;High;1496;250;30000;44880000;38596800;37400000;1196800;01/10/2014;10; October ;2014
Small Business;United States of America; VTT ;High;1010;250;30000;30300000;26058000;25250000;808000;01/10/2014;10; October ;2014
Government;France; VTT ;High;1281;250;35000;44835000;38558100;33306000;5252100;01/12/2013;12; December ;2013
Small Business;Canada; Amarilla ;High;888;260;30000;26640000;22910400;22200000;710400;01/03/2014;3; March ;2014
Enterprise;United States of America; Amarilla ;High;2844;260;12500;35550000;30573000;34128000;-3555000;01/05/2014;5; May ;2014
Channel Partners;France; Amarilla ;High;2475;260;1200;2970000;2554200;742500;1811700;01/08/2014;8; August ;2014
Midmarket;Canada; Amarilla ;High;1743;260;1500;2614500;2248470;1743000;505470;01/10/2013;10; October ;2013
Channel Partners;United States of America; Amarilla ;High;2914;260;1200;3496800;3007248;874200;2133048;01/10/2014;10; October ;2014
Government;France; Amarilla ;High;1731;260;700;1211700;1042062;865500;176562;01/10/2014;10; October ;2014
Government;Mexico; Amarilla ;High;1727;260;700;1208900;1039654;863500;176154;01/10/2013;10; October ;2013
Midmarket;Mexico; Amarilla ;High;1870;260;1500;2805000;2412300;1870000;542300;01/11/2013;11; November ;2013
Enterprise;France; Carretera ;High;1174;3;12500;14675000;12473750;14088000;-1614250;01/08/2014;8; August ;2014
Enterprise;Germany; Carretera ;High;2767;3;12500;34587500;29399375;33204000;-3804625;01/08/2014;8; August ;2014
Enterprise;Germany; Carretera ;High;1085;3;12500;13562500;11528125;13020000;-1491875;01/10/2014;10; October ;2014
Small Business;Mexico; Montana ;High;546;5;30000;16380000;13923000;13650000;273000;01/10/2014;10; October ;2014
Government;Germany; Paseo ;High;1158;10;2000;2316000;1968600;1158000;810600;01/03/2014;3; March ;2014
Midmarket;Canada; Paseo ;High;1614;10;1500;2421000;2057850;1614000;443850;01/04/2014;4; April ;2014
Government;Mexico; Paseo ;High;2535;10;700;1774500;1508325;1267500;240825;01/04/2014;4; April ;2014
Government;Mexico; Paseo ;High;2851;10;35000;99785000;84817250;74126000;10691250;01/05/2014;5; May ;2014
Midmarket;Canada; Paseo ;High;2559;10;1500;3838500;3262725;2559000;703725;01/08/2014;8; August ;2014
Government;United States of America; Paseo ;High;267;10;2000;534000;453900;267000;186900;01/10/2013;10; October ;2013
Enterprise;Germany; Paseo ;High;1085;10;12500;13562500;11528125;13020000;-1491875;01/10/2014;10; October ;2014
Midmarket;Germany; Paseo ;High;1175;10;1500;1762500;1498125;1175000;323125;01/10/2014;10; October ;2014
Government;United States of America; Paseo ;High;2007;10;35000;70245000;59708250;52182000;7526250;01/11/2013;11; November ;2013
Government;Mexico; Paseo ;High;2151;10;35000;75285000;63992250;55926000;8066250;01/11/2013;11; November ;2013
Channel Partners;United States of America; Paseo ;High;914;10;1200;1096800;932280;274200;658080;01/12/2014;12; December ;2014
Government;France; Paseo ;High;293;10;2000;586000;498100;293000;205100;01/12/2014;12; December ;2014
Channel Partners;Mexico; Velo ;High;500;120;1200;600000;510000;150000;360000;01/03/2014;3; March ;2014
Midmarket;France; Velo ;High;2826;120;1500;4239000;3603150;2826000;777150;01/05/2014;5; May ;2014
Enterprise;France; Velo ;High;663;120;12500;8287500;7044375;7956000;-911625;01/09/2014;9; September ;2014
Small Business;United States of America; Velo ;High;2574;120;30000;77220000;65637000;64350000;1287000;01/11/2013;11; November ;2013
Enterprise;United States of America; Velo ;High;2438;120;12500;30475000;25903750;29256000;-3352250;01/12/2013;12; December ;2013
Channel Partners;United States of America; Velo ;High;914;120;1200;1096800;932280;274200;658080;01/12/2014;12; December ;2014
Government;Canada; VTT ;High;8655;250;2000;1731000;1471350;865500;605850;01/07/2014;7; July ;2014
Midmarket;Germany; VTT ;High;492;250;1500;738000;627300;492000;135300;01/07/2014;7; July ;2014
Government;United States of America; VTT ;High;267;250;2000;534000;453900;267000;186900;01/10/2013;10; October ;2013
Midmarket;Germany; VTT ;High;1175;250;1500;1762500;1498125;1175000;323125;01/10/2014;10; October ;2014
Enterprise;Canada; VTT ;High;2954;250;12500;36925000;31386250;35448000;-4061750;01/11/2013;11; November ;2013
Enterprise;Germany; VTT ;High;552;250;12500;6900000;5865000;6624000;-759000;01/11/2014;11; November ;2014
Government;France; VTT ;High;293;250;2000;586000;498100;293000;205100;01/12/2014;12; December ;2014
Small Business;France; Amarilla ;High;2475;260;30000;74250000;63112500;61875000;1237500;01/03/2014;3; March ;2014
Small Business;Mexico; Amarilla ;High;546;260;30000;16380000;13923000;13650000;273000;01/10/2014;10; October ;2014
Government;Mexico; Montana ;High;1368;5;700;957600;813960;684000;129960;01/02/2014;2; February ;2014
Government;Canada; Paseo ;High;723;10;700;506100;430185;361500;68685;01/04/2014;4; April ;2014
Channel Partners;United States of America; VTT ;High;1806;250;1200;2167200;1842120;541800;1300320;01/05/2014;5; May ;2014
